type,text,prompt,model_used,generation_date
one_liner,"I finally cleaned my house so well, even the dust is nostalgic.",Write a one-liner joke.,GPT-4,05/11/2025
one_liner,I asked my dog what’s two minus two. He said nothing—correctly.,Tell a short and witty joke.,GPT-4,05/11/2025
one_liner,"My resume says “proficient in Microsoft Office,” which means I can close Word in under three clicks.",Give me a joke in just one sentence.,GPT-4,05/11/2025
one_liner,We buy planners to feel organized and then lose them immediately.,"Share a brief, funny observation.",GPT-4,05/11/2025
one_liner,Parallel lines have so much in common… it’s a shame they’ll never meet.,Write a compact joke with a punchline.,GPT-4,05/11/2025
one_liner,My calendar is scared of me—every day it says “No events.”,"Tell a quick, clever joke.",GPT-4,05/11/2025
one_liner,"I told my therapist about my imposter syndrome, but she thinks I’m faking it.",Make a concise joke that’s funny.,GPT-4,05/11/2025
one_liner,"I bought a plant to liven up the place, now we both sit around doing nothing.",Write a joke that fits in one line.,GPT-4,05/11/2025
one_liner,"The elevator said ""out of order,"" but I knew it was just feeling down.",Give a pithy and humorous remark.,GPT-4,05/11/2025
one_liner,"I used to think I was indecisive, but now I'm not so sure.",Share a one-liner that ends with a twist.,GPT-4,05/11/2025
one_liner,"I named my dog ""Five Miles"" so I can brag about walking it every morning.",Tell a short joke that plays on words.,GPT-4,05/11/2025
one_liner,"I'm not lazy, I just rest aggressively.",Write a short joke that could go on a T-shirt.,GPT-4,05/11/2025
one_liner,My favorite sport is arguing with GPS.,Share a dry humor one-liner.,GPT-4,05/11/2025
one_liner,"I'm not addicted to coffee, we’re just in a committed relationship.",Write a smart but funny single-sentence joke.,GPT-4,05/11/2025
one_liner,I love deadlines—I like the whooshing sound they make as they fly by.,Tell a one-liner that feels like stand-up comedy.,GPT-4,05/11/2025
one_liner,I eat cake because it’s somebody’s birthday somewhere.,Make a one-line joke with irony or sarcasm.,GPT-4,05/11/2025
one_liner,I wanted a camouflage shirt but couldn’t find one.,Write a pun-based one-liner.,GPT-4,05/11/2025
one_liner,"The early bird might get the worm, but I’ll take coffee and toast.","Share a clean, universally funny one-liner.",GPT-4,05/11/2025
one_liner,"If life gives you lemons, just freeze them and throw them at people.",Write a joke that works without context.,GPT-4,05/11/2025
one_liner,"I told my Wi-Fi we needed space, now I’m stuck talking to my family.",Tell a quick joke that’s easy to remember.,GPT-4,05/11/2025
one_liner,Some people jog to get fit—I eat cake and hope for medical advancements.,Drop a witty line that could make someone snort-laugh.,GPT-4,05/11/2025
one_liner,My phone’s battery lasts longer than most of my relationships.,Give me a sentence that doubles as a joke.,GPT-4,05/11/2025
one_liner,I'm great at multitasking—especially avoiding all tasks at once.,Share a single line that’s low-effort but high-reward funny.,GPT-4,05/11/2025
one_liner,I bought a smart fridge. It’s now judging my midnight cheese habits.,Tell a minimalist joke that hits hard.,GPT-4,05/11/2025
one_liner,My bank account and I are not on speaking terms.,Write a joke that doesn’t need a setup.,GPT-4,05/11/2025
one_liner,"I told my houseplants I’m leaving for a trip; they said, “Good.”",Share a line that would kill at open mic night.,GPT-4,05/11/2025
one_liner,"If at first you don’t succeed, redefine success.",Tell me a joke so short it could be a tweet.,GPT-4,05/11/2025
one_liner,The best part of working remotely is pretending your cat is your boss.,Craft a zinger in just one sentence.,GPT-4,05/11/2025
one_liner,I'm not lazy—I’m energy-efficient.,"Write a line so funny, I’ll want to steal it.",GPT-4,05/11/2025
one_liner,I finally found my spirit animal—it’s a sloth on a Roomba.,Tell a punchy one-liner that’s safe for work.,GPT-4,05/11/2025
one_liner,"I wanted a tattoo but feared commitment, so I drew one in pen daily.",Drop a short joke with a clever twist.,GPT-4,05/11/2025
one_liner,"Silence is golden… unless you have kids, then it’s suspicious.",Give me a one-liner suitable for a coffee mug.,GPT-4,05/11/2025
one_liner,I don't rise and shine—I caffeinate and hope for the best.,Write a single sentence that could make my day.,GPT-4,05/11/2025
one_liner,"My plans for the future are like my tabs—too many, none finished.",Share a joke short enough to memorize instantly.,GPT-4,05/11/2025
one_liner,I walked into a bar… and immediately forgot why I was there.,Tell me a bar-style one-liner (no need for full context).,GPT-4,05/11/2025
one_liner,"I asked the barista for a latte, and they gave me existential dread instead.",Give me a brief line that’s a pun in disguise.,GPT-4,05/11/2025
one_liner,I don’t have a bucket list—just a “why not” spreadsheet.,Say something that feels like a sitcom character would say it.,GPT-4,05/11/2025
one_liner,"I overthink, therefore I didn’t say anything at all.",Write a joke that’s over before you blink.,GPT-4,05/11/2025
one_liner,Blink and you’ll miss it—like my motivation.,Share a funny observation that’s only one line long.,GPT-4,05/11/2025
situation_humor,I told my boss I’m indispensable—he said that’s not how vacation requests work.,Drop a one-liner that sounds like it came from a sarcastic genius.,GPT-4,05/11/2025
situation_humor,"I told my friend I got a new job in Java. He said, “Cool! How’s the coffee?”",Tell a joke involving a simple misunderstanding.,GPT-4,05/11/2025
situation_humor,"I asked for one pillow and woke up buried in marshmallows—thanks, smart home.",Write a joke about a normal situation that turns absurd.,GPT-4,05/11/2025
situation_humor,I bought a plant for company; it called pest control.,"Create a short, funny story setup and punchline.",GPT-4,05/11/2025
situation_humor,"My roommate screamed at a spider, then apologized because it looked offended.",Tell a joke about someone reacting in an odd way.,GPT-4,05/11/2025
situation_humor,I sneezed once in the elevator—now I'm head of HR's pandemic committee.,Write a joke where something small becomes a big deal.,GPT-4,05/11/2025
situation_humor,I went to buy milk. Now I own a goat and can’t explain it.,Share a joke with an everyday setup and surprising twist.,GPT-4,05/11/2025
situation_humor,I waved at someone who wasn’t waving at me—now we’re engaged.,Write a situation-based joke anyone could relate to.,GPT-4,05/11/2025
situation_humor,I microwaved tea for 99 minutes instead of 99 seconds. The mug melted.,Tell a joke where a person makes a silly mistake.,GPT-4,05/11/2025
situation_humor,"I said “sure” on the phone, realized the question was “do you accept the charges?”",Write a joke about miscommunication.,GPT-4,05/11/2025
situation_humor,"A man asked if I knew the time. I said ""yes"" and walked away.",Create a short joke involving a confusing interaction.,GPT-4,05/11/2025
situation_humor,I saw “beware of dog” and assumed it was small. It wasn’t.,Tell a scenario where a person draws the wrong conclusion.,GPT-4,05/11/2025
situation_humor,"Someone said “bless you” before I sneezed, so now I’m cursed.",Write a joke with an unexpected reaction to a normal event.,GPT-4,05/11/2025
situation_humor,"A guy at the store whispered, “Nice cucumbers.” We haven’t spoken since.",Tell a short funny situation involving two characters.,GPT-4,05/11/2025
situation_humor,"I told my mom I lost my sock. She said, “Check your emotional baggage.”",Share a joke about an overreaction.,GPT-4,05/11/2025
situation_humor,My Zoom camera turned on early—I was mid-sniff-test on my shirt.,Write a short gag based on an awkward moment.,GPT-4,05/11/2025
situation_humor,Asked if she wanted dessert—she said no. Now I’m sharing mine.,Tell a situation where things quickly escalate.,GPT-4,05/11/2025
situation_humor,My phone ran out of storage while I was deleting photos to save storage.,Create a joke based on a minor daily inconvenience.,GPT-4,05/11/2025
situation_humor,"Told someone their baby looked like a potato. They said, “That’s my husband.”",Write a joke about a harmless comment that backfires.,GPT-4,05/11/2025
situation_humor,I told Alexa to dim the lights. She dimmed my confidence instead.,Tell a joke where technology causes a funny mix-up.,GPT-4,05/11/2025
situation_humor,"The GPS said “turn left,” so I joined a protest.",Share a joke involving someone taking advice too literally.,GPT-4,05/11/2025
situation_humor,Tried to organize my closet. Found Narnia and gave up.,Create a joke about a mundane task that spirals out of control.,GPT-4,05/11/2025
situation_humor,"I said I needed space. Now my therapist calls me ""NASA.""",Write a joke where someone misunderstands a common phrase.,GPT-4,05/11/2025
situation_humor,Kid asked where babies come from. I panicked and said “Amazon.”,Tell a joke about a child’s innocent question going sideways.,GPT-4,05/11/2025
situation_humor,My dog brought me the remote and changed the channel with his paw.,Share a joke where a pet does something unexpectedly human.,GPT-4,05/11/2025
situation_humor,"Asked support why my Wi-Fi's down—they said, “Try yelling at it.”",Write a joke involving a customer service misunderstanding.,GPT-4,05/11/2025
situation_humor,A friend winked at me. I finger-gunned back. Turns out she had an eye twitch.,Tell a joke where someone completely misreads a social cue.,GPT-4,05/11/2025
situation_humor,Auto-correct turned “I’m running late” into “I’m ruining fate.”,Share a situation where auto-correct ruins everything.,GPT-4,05/11/2025
situation_humor,"When asked how I felt, I said “transparent.” In a job interview.",Write a joke about someone being too honest at the wrong time.,GPT-4,05/11/2025
situation_humor,I offered to fix the printer. Now it prints my resignation letter.,Tell a joke where a person’s attempt to be helpful backfires.,GPT-4,05/11/2025
situation_humor,Had a panic attack because the pasta timer beeped unexpectedly.,Write a joke about someone getting anxious over nothing.,GPT-4,05/11/2025
situation_humor,Texted “Can’t wait to see you!” to my dentist.,Share a joke where a text message causes confusion.,GPT-4,05/11/2025
situation_humor,Nodded knowingly in a meeting—no clue what “Kubernetes” means.,Tell a joke about someone pretending to know what’s going on—but clearly doesn’t.,GPT-4,05/11/2025
situation_humor,Over the intercom: “Lost child wearing red.” I looked down—I was in red.,Write a joke involving a public announcement gone wrong.,GPT-4,05/11/2025
situation_humor,"Someone said, “How about this weather?” and I gave a full meteorological report.",Share a scenario where someone takes small talk way too seriously.,GPT-4,05/11/2025
situation_humor,"A barista said, “That’s a cool shirt.” I said, “Thanks, it’s my personality.”",Tell a joke where a casual observation leads to panic.,GPT-4,05/11/2025
situation_humor,I asked “What’s for dinner?” and suddenly we’re in couples therapy.,Write a joke about a simple question turning into an argument.,GPT-4,05/11/2025
situation_humor,"Told my date I liked her perfume. She said, “That’s just stress.”",Create a joke where someone mistakes one object for another.,GPT-4,05/11/2025
satire,Scientists Warn Earth May Be “Too Hot for Email” by 2030,Write a satirical headline.,GPT-4,05/11/2025
satire,Nation's Teens Now Communicating Exclusively Through Eye Rolls and Vague Vibes,Create a fake headline that mocks current trends.,GPT-4,05/11/2025
satire,Man Declares Spiritual Awakening After One Cold Shower and a Podcast,Share a made-up news title that exaggerates reality.,GPT-4,05/11/2025
satire,Local Couple Buys Five-Person Tent to Emotionally Camp in Living Room,Write a headline that sounds real but is clearly a joke.,GPT-4,05/11/2025
satire,Report: 97% of Smart Home Devices Used Exclusively to Turn Off Lights from Bed,Make a parody headline with ironic intent.,GPT-4,05/11/2025
satire,“Study Finds” Study Finds Studies Finding Nothing,Write a joke in the style of a fake news article title.,GPT-4,05/11/2025
satire,Breaking: Man Declares Himself ‘Introvert’ After Canceling Plans for 12th Time,Share a sarcastic take on something ordinary.,GPT-4,05/11/2025
satire,New Report Finds Productivity Increases by 200% When You Quit Your Job,Write a headline that criticizes something with humor.,GPT-4,05/11/2025
satire,Nation’s Top CEOs Form Support Group to Process Slight Dip in Quarterly Profits,Create a fake news headline using exaggeration.,GPT-4,05/11/2025
satire,BREAKING: Local Man Heroically Survives Minor Wi-Fi Outage,Write a mock news alert that sounds absurd.,GPT-4,05/11/2025
satire,World Pauses to Mourn Office Plant After 3-Day Weekend,Share a fictional update that mocks seriousness.,GPT-4,05/11/2025
satire,"Headline Writers Demand Better Pay, Say Puns Don’t Grow on Trees",Create a fake headline with clever wordplay.,GPT-4,05/11/2025
satire,Experts Say Screaming Into Pillow May Be Most Honest Form of Communication,Write a joke in headline form with satirical meaning.,GPT-4,05/11/2025
satire,"Woman Claims She’s “So Over Drama,” Immediately Reignites Group Chat Argument",Make up a news title that makes fun of overreactions.,GPT-4,05/11/2025
satire,Nation’s Adults Declare Victory Over Dishwasher Loading Dispute,Share a mock article title about everyday issues.,GPT-4,05/11/2025
satire,"In Emergency Broadcast, Town Hall Announces Toilet Paper Roll Now Must Face Wall",Create a sarcastic bulletin with humor.,GPT-4,05/11/2025
satire,New App Promises to Cure Anxiety by Tracking It 24/7,Write a fake announcement that sounds too dramatic.,GPT-4,05/11/2025
satire,Breaking: Man Buys Fancy Journal to Avoid Actually Journaling,Share a joke headline that flips expectations.,GPT-4,05/11/2025
satire,"Satire Site Accidentally Posts Real Headline, Readers Can't Tell Difference",Make a silly but sharp headline.,GPT-4,05/11/2025
satire,Massive Study Reveals Everyone’s Just Pretending to Like Kombucha,"Write a punchy, fake headline that critiques behavior.",GPT-4,05/11/2025
satire,Man Trapped in Smartwatch Settings Menu for Third Straight Day,Invent a headline that pokes fun at modern tech obsession.,GPT-4,05/11/2025
satire,Influencer Hospitalized After Trying to Monetize Personal Growth,Write a fake news title mocking influencer culture.,GPT-4,05/11/2025
satire,Corporation Pledges to “Empower Communities” via More Branded Stress Balls,Share a headline that humorously critiques corporate behavior.,GPT-4,05/11/2025
satire,BREAKING: Man Loses Sanity After App Asks for Fifth Notification Permission,Create a fake breaking news alert with absurd stakes.,GPT-4,05/11/2025
satire,Local News Warns of “Mild Rain” With Graphic Meant for Apocalypse,Write a parody title that mimics fear-mongering news.,GPT-4,05/11/2025
satire,Man Breaks Down After Sock Slides Off Inside Shoe,Make up a headline that exaggerates a minor inconvenience.,GPT-4,05/11/2025
satire,Startup Launches “Deep Work Pods” That Are Just Slightly Larger Coffins,Craft a satirical title about workplace culture.,GPT-4,05/11/2025
satire,Politician Promises “Bold Action” as Soon as Polls Look Better,Write a fake headline mocking political overpromises.,GPT-4,05/11/2025
satire,Boomer Calls Millennial Lazy While Standing on Porch Built With College Debt,Create a mock news update about generational divides.,GPT-4,05/11/2025
satire,New Self-Help Book Teaches Readers to Let Go by First Spending $29.99,Share a headline that turns a cliché into satire.,GPT-4,05/11/2025
satire,Wellness Guru Claims Celery Juice Cured Her Fear of Commitment,Write a fake news story title with an ironic twist.,GPT-4,05/11/2025
satire,Scientists Discover Entire Internet Now Just Apologies and Hot Takes,Make a joke headline about self-care trends taken too far.,GPT-4,05/11/2025
satire,Trending: Man Cancels All Plans After Coworker Suggests 7-Minute Hack,Craft a fictional headline that sounds like it’s from The Onion.,GPT-4,05/11/2025
satire,Algorithm Recommends Article About Why Algorithms Are Dangerous,Write a parody news alert involving social media outrage.,GPT-4,05/11/2025
satire,Relationship Coach Urges Couples to Solve Problems With Instagram Polls,Create a sarcastic headline about productivity hacks.,GPT-4,05/11/2025
satire,Customer Service Agent Admits They’re Just a Guy Named Dave Guessing Solutions,Share a fake news headline satirizing algorithm obsession.,GPT-4,05/11/2025
satire,Mayor Bans Potholes by Declaring Them “Unpatriotic”,Make a mock title about relationship advice gone wrong.,GPT-4,05/11/2025
satire,BREAKING: Woman Spends $800 to Save $12 on Online Flash Sale,Write a satirical headline about customer service drama.,GPT-4,05/11/2025
character_humor,"“My name’s Gerald, I only wear corduroy and I think raisins are just grapes with ambition.”",Create a fictional character and write a funny line they’d say.,GPT-4,05/11/2025
character_humor,"“I’m Lorna, I speak exclusively in riddles and outdated memes.”",Invent a character with a unique voice and give them a quote.,GPT-4,05/11/2025
character_humor,"“I’m Benny Quibbleton, and I brush my teeth to the rhythm of the stock market.”",Write a humorous line from a made-up person.,GPT-4,05/11/2025
character_humor,"“Hi, I’m Petunia, I alphabetize my cereal by fiber content.”",Create a quote that reflects a strange personality.,GPT-4,05/11/2025
character_humor,"“I’m Clive, and I firmly believe sandwiches taste better if you talk to them first.”",Make up a character and give them a quirky opinion.,GPT-4,05/11/2025
character_humor,"“I’m Baron von Beefstick, and I duel anyone who questions the supremacy of mustard.”",Write a joke in the voice of a fictional figure.,GPT-4,05/11/2025
character_humor,"“My name’s Esme, and I think clouds are just sky gossip.”",Create a line that reveals a character’s odd worldview.,GPT-4,05/11/2025
character_humor,"“I’m Mort, and I dress like a lighthouse to ward off bad vibes.”",Invent someone eccentric and write their remark.,GPT-4,05/11/2025
character_humor,“Call me Skipper Dan—any drink is fancy if you sip it while squinting.”,Share a funny quote from an imaginary person.,GPT-4,05/11/2025
character_humor,"“I’m Theodora, and I won’t eat toast unless it’s emotionally balanced.”",Write a line that could come from a unique character.,GPT-4,05/11/2025
character_humor,“I’m Chad Maximus—alpha of six fantasy football leagues and one book club.”,Make a character with an exaggerated personality and write a line.,GPT-4,05/11/2025
character_humor,“My name’s Larry and I thought a ‘hot spot’ was a trendy burn.”,Invent someone who misinterprets everything and quote them.,GPT-4,05/11/2025
character_humor,"“I’m Captain Zenith, and I once beat a calculator in mental math—don’t ask how.”",Share a quote that reflects an overconfident personality.,GPT-4,05/11/2025
character_humor,“My name’s Cynthiana and I think pizza should be a voting right.”,Write a funny opinion from a fictional person.,GPT-4,05/11/2025
character_humor,"“I’m Edwin, and I file police reports when people wear white after Labor Day.”",Create a line from a character who’s overly serious about trivial things.,GPT-4,05/11/2025
character_humor,"“I’m Dr. Puddlemore, and my field is aquatic furniture.”",Write a dry remark from a made-up expert.,GPT-4,05/11/2025
character_humor,“I’m Blanche and my ceiling fan sounds judgy.”,Invent a character and quote them making a silly complaint.,GPT-4,05/11/2025
character_humor,"“I’m Nigel, and I once forgot I was allergic to bees mid-beekeeping workshop.”",Write a humorous line showing a character’s flaw.,GPT-4,05/11/2025
character_humor,“My name’s Glenda and I believe microwaves can read your mood.”,Create a quote that shows an unusual way of thinking.,GPT-4,05/11/2025
character_humor,“I’m Donnie ‘Data’ Duke—I debug toasters for sport.”,Write a joke in the voice of a fictional person being very sure but very wrong.,GPT-4,05/11/2025
character_humor,"“I’m Trevor, and I read quantum physics books upside down to balance my brain.”",Make up a character who thinks they’re a genius and quote them.,GPT-4,05/11/2025
character_humor,"“I’m Dolores, and I keep all receipts in case the past needs proof.”",Create a fictional pessimist and write something they’d say.,GPT-4,05/11/2025
character_humor,“My name’s Kent the Literalist—I once ironed a salad because it had wrinkles.”,Write a funny line from a character who takes everything literally.,GPT-4,05/11/2025
character_humor,"“I’m Zazz McGlow, and I tell people to ‘hydrate with intention’ while selling them glitter.”",Invent a fake self-help guru and give them a ridiculous tip.,GPT-4,05/11/2025
character_humor,“I’m Marv and I think squirrels work for the government.”,Share a quote from a fictional conspiracy theorist about something mundane.,GPT-4,05/11/2025
character_humor,"“I’m Tina, and I stand by my decision to paint my car using expired yogurt.”",Create a line from someone who’s too proud of their worst idea.,GPT-4,05/11/2025
character_humor,“I’m Efficiency Eugene—I pre-chew my lunch during breakfast to save time.”,Invent a character who’s obsessed with being “efficient” in the worst ways.,GPT-4,05/11/2025
character_humor,“I’m Becky and I thought ‘slay’ meant actual swordplay—now I’m banned from Zumba.”,Write a joke from someone who misunderstands modern slang.,GPT-4,05/11/2025
character_humor,"“I’m Sir Meowmore III, and my cat’s birthday is a national holiday in my house.”",Quote a fictional person who treats pets like royalty.,GPT-4,05/11/2025
character_humor,"“My name’s Bryce Motivation—believe in yourself, unless you’re me, then panic.”",Make a character who thinks they’re a motivational speaker but just confuse people.,GPT-4,05/11/2025
character_humor,"“I’m Crystal and Mercury Retrograde made me text my ex, order 12 avocados, and dye my dog blue.”",Write a line from someone who blames everything on mercury retrograde.,GPT-4,05/11/2025
character_humor,“I’m Axyl with a Y and I built an app that reminds you to blink—twice a day.”,Create a fake tech bro and give him a wildly impractical idea.,GPT-4,05/11/2025
character_humor,“I’m Karen-Denise and I just posted my colonoscopy prep playlist on Facebook.”,Invent a fictional mom who overshares on social media and quote her.,GPT-4,05/11/2025
character_humor,"“I’m Carl and I’m proud to have invented 'Don't touch that, it's hot'—you’re welcome.”",Share a funny line from a character who thinks they invented common sense.,GPT-4,05/11/2025
character_humor,"“I’m Madam Tilly, and elbows on the table invite the ghosts of bad manners.”",Write a quote from a made-up etiquette coach with odd rules.,GPT-4,05/11/2025
character_humor,"“I’m Rafe the Roastmaster, and this cappuccino has all the depth of a spoonful of beige.”",Create a fictional barista who offers life advice with every coffee.,GPT-4,05/11/2025
character_humor,“My name’s Vance and ‘epidermis’ is just a fancy word for your top meat.”,Make a character who uses big words incorrectly—and quote them.,GPT-4,05/11/2025
character_humor,"“I’m Luna, and last night I dreamt I was a carrot—today I only speak in crunches.”",Share a joke from someone who’s convinced their dreams are real life.,GPT-4,05/11/2025
character_humor,"“I’m Villainessa, and I shall delay your plans by mislabeling every folder!”",Write a quote from a fictional villain who’s just really petty.,GPT-4,05/11/2025
character_humor,"“I’m Dwight Sizzleton and I give your toaster a solid three stars—burns with passion, lacks nuance.”",Invent a person who reviews everyday objects like a movie critic and give them a line.,GPT-4,05/11/2025